"station_id","station_name","station_code","network_id","network_name","network_code","street","ext","interior","colonia","zip","state_code","municipio_code","year_started","altitude","address","date_validated","date_validated2","passed_validation","video","lat","lon","date_started","timezone","street_view","video_interior"
240,"Acolman","ACO",119,"Valle de México","CMX","Calzada de los Agustinos ","S/N","S/N","Centro","55870","15","658","2003","2198","Calzada de los Agustinos ND, Col. San Agustín, Acolman de Nezahualcóyotl, Estado de México, C.P. 55870",NA,"2016-07-27","0","",19.635555555556,-98.911944444444,"2007-06-01","Tiempo del centro (UTC-6 todo el año)","",""
112,"Advance - Keytronic","ADV",64,"Municipio de Juárez","CJU","El Cid","56","","Fernández","32649","8","235",NA,"1175",NA,NA,"2014-12-31","0","",31.689722222222,-106.45972222222,"2021-05-03","Sonora, UTC-7","",""
161,"Agua Santa","STA",74,"Puebla","PUE","Priv. 121 Oriente","26","","Ex Hacienda Castillotla","72480","21","1682","2000","2115","Avenida 11 Sur y 121 Poniente; Col. Agua Santa.","2015-01-31","2014-12-31","0","",18.987583333333,-98.250388888889,"2000-08-01","Tiempo del centro, UTC-6 (UTC-5 en verano)","",""
241,"Ajusco","AJU",119,"Valle de México","CMX","Km. 36.5 Carretera Federal México-Cuernavaca","S/N","S/N","Parres","14500","9","276","1998","2942","Km 36.5 Carretera Federal México-Cuernavaca, C.P. 14500",NA,"2015-12-31","0","",19.154286111111,-99.162777777778,"2011-12-31","Tiempo del centro (UTC-6 todo el año)","",""
242,"Ajusco Medio","AJM",119,"Valle de México","CMX","Encinos","41","S/N","Col. Miguel Hidalgo 4ta sección","14250","9","276",NA,"2619",NA,NA,"2016-07-07","0","",19.272222222222,-99.207777777778,"2014-12-31","Tiempo del centro (UTC-6 todo el año)","",""
456,"Almoloya de Juárez","AJ",65,"Toluca","TLC","Melchor Ocampo","123","","Centro","50900","15","661",NA,"0",NA,NA,NA,NA,"",19.370438888889,-99.75275,"2024-06-13","Tiempo del centro (UTC-6 todo el año)","",""
146,"Apodaca","NE2",72,"Monterrey","MTY","MARIANO ABASOLO (ENTRE ESCOBEDO Y PORFIRIO DÍAZ)","103","","CENTRO","66000","19","953","2011","432","Calle Abasolo No. 103, Col. Centro Entre Escobedo y Porfirio Díaz, Apodaca N. L.",NA,"2014-12-31","0","",25.777222222222,-100.18833333333,"2011-12-31","Tiempo del centro (UTC-6 todo el año)","https://www.google.com.mx/maps/place/25%C2%B046'38.0%22N+100%C2%B011'18.0%22W/@25.7773139,-100.1882086,3a,75y,4.55h,90t/data=!3m7!1e1!3m5!1sI5ZR_uZpIES3PUOSy-M7iA!2e0!6s%2F%2Fgeo2.ggpht.com%2Fcbk%3Fpanoid%3DI5ZR_uZpIES3PUOSy-M7iA%26output%3Dthumbnail%26cb",""
101,"Atemajac","ATM",63,"Guadalajara","GDL","Hidalgo, Unidad Administrativa Atemajac","Plaza","","Atemajac","45040","14","651","1993","1563","Hidalgo No. 1 entre Cuauhtémoc y Ramón Corona , Atemajac. Zapopan, 45190, Jalisco","2015-01-31","2014-12-31","0","",20.719673888889,-103.35543472222,"1997-01-01","Tiempo del centro, UTC-6 (UTC-5 en verano)","",""
243,"Atizapán","ATI",119,"Valle de México","CMX","Océano Pacífico ","S/N","S/N","Lomas Lindas","54947","0","0","2003","2341","Av. Océano Pacífico ND esquina con Mar de Ross, Col. Lomas Lindas, Atizapán de Zaragoza, Estado de México",NA,"2015-12-31","0","",19.577222222222,-99.254166666667,"1997-01-01","Tiempo del centro (UTC-6 todo el año)","",""
484,"Atlixco","ATL",74,"Puebla","PUE","Prolongación Heliotropo ","1201","","Col. Vista Hermosa","74218","21","1587",NA,"1834",NA,NA,NA,NA,"",18.920673,-98.420996,"2024-06-12","Tiempo del centro, UTC-6 (UTC-5 en verano)","",""
490,"Atmosférico 1","CDA2",118,"Zacatecas","ZAC","José López Portillo ,  ","305","","Fraccionamiento de las Dependencias Federales","98608","32","2417",NA,"2325",NA,NA,NA,NA,"",22.774285833333,-102.57026638889,"2024-10-17","Tiempo del centro (UTC-6 todo el año)","",""
163,"Benemérito Instituto Normal del Estado","BINE",74,"Puebla","PUE","Av. Hermanos Serdán","203","S/N","Valle del Rey","2172","21","1682","2000","0","Av. Hermanos Serdán 203, Col. Valle del Rey, Puebla, Pue;",NA,"2014-12-31","0","",19.062722222222,-98.224527777778,"2011-12-31","Tiempo del centro, UTC-6 (UTC-5 en verano)","",""
300,"Benito Juárez","BJU",119,"Valle de México","CMX","Municipio libre y Uxmal","S/N","S/N","Santa Cruz Atoyac","03310","9","278",NA,"2250",NA,NA,"2015-12-31","0","",19.371666666667,-99.159166666667,"1997-01-01","Tiempo del centro (UTC-6 todo el año)","",""
96,"Biblioteca","TIZ",60,"Tizayuca","TIZ","Calle Ignacio Rodríguez Galván","No. 4A ",""," colonia Centro","43800","13","516","2010","0","Allende No.23, Barrio Pedregal, Col Centro, Tizayuca",NA,"2015-12-31","0","https://youtu.be/T-72cPN9GFs",19.840583333333,-98.981333333333,"2012-12-31","Tiempo del centro (UTC-6 todo el año)","","https://youtu.be/41cA-UPJXRc"
174,"Biblioteca","BIB",79,"San Luis Potosí Estatal","SLP","Calle 3 ","","","Industrial Aviación ","78140","24","1842",NA,"0",NA,"2016-07-31","2016-06-03","2","",22.174222222222,-100.99308333333,"2012-01-01","Sonora, UTC-7","","https://www.youtube.com/embed/JTijHCF6R_Q"
72,"Bomberos","BOM",46,"Irapuato","IRA","Blvd. Torres Landa","375","","Álvaro Obregón","36530","11","337","2005","1724","Av. Juan José Torres Landa Esquina con Guadalupe Victoria, Col. Centro, Irapuato, Guanajuato, C.P. 36590",NA,"2014-12-31","0","",21.118055555556,-101.60216666667,"2005-06-09","Tiempo del centro (UTC-6 todo el año)","https://www.google.com.mx/maps/@20.6583094,-101.3491509,3a,75y,143.38h,90.31t/data=!3m6!1e1!3m4!1sOn93hEn4e4eb-VivSErIaQ!2e0!7i13312!8i6656","https://www.youtube.com/embed/XC5EzpaSnjM"
476,"Bomberos y Protección Civil Municipal","CTZ-05",158,"Coatzacoalcos","CTZ","Av. Román Marín","925","","Manuel Ávila Camacho","96420","30","2121",NA,"100",NA,NA,NA,NA,"",18.140805555556,-94.427416666667,"2024-09-12","Tiempo del centro (UTC-6 todo el año)","",""
424,"Cadereyta","SE3",72,"Monterrey","MTY","Campesina cruz con Vicente Guerrero, ","","","Jerónimo Treviño 2do. Sector","67483","19","956",NA,"336",NA,NA,NA,NA,"",25.600883333333,-99.995311111111,"2018-02-06","Tiempo del centro (UTC-6 todo el año)","",""
458,"Calimaya","CA",65,"Toluca","TLC","Miguel Hidalgo","S/N","","San Andrés Ocotlán","52220","15","674",NA,"0",NA,NA,NA,NA,"",19.192694444444,-99.586158333333,"2024-06-11","Tiempo del centro (UTC-6 todo el año)","",""
221,"Calpulalpan","CAL",108,"Calpulalpan","CAL","Plaza de la Constitución","3","","","90200","29","2028","2006","0","Plaza de la constitución No, 5, Calpulalpan, Tlaxcala",NA,NA,NA,"",19.588275,-98.570272222222,"2024-10-11","Tiempo del centro (UTC-6 todo el año)","https://www.google.com.mx/maps/@19.2135495,-98.2221743,3a,75y,161.65h,89.58t/data=!3m6!1e1!3m4!1sxgmW354ZlgRbUyTJV_-5wg!2e0!7i13312!8i6656",""
244,"Camarones","CAM",119,"Valle de México","CMX","Malvón","20","S/N","Hogar y seguridad","02820","9","266","2003","2233","Malvón No. 230, Colonia Hogar y Seguridad, Delegación Azcapotzalco, México, Distrito Federal C.P. 02820",NA,"2015-12-31","0","",19.468611111111,-99.17,"2003-08-01","Tiempo del centro (UTC-6 todo el año)","",""
65,"Campestre","CAM",43,"Gómez Palacio","GPD","Sur del monte y Paris","","","Campestre","","10","288","2005","0","Calles South del Monte y Paris, Campestre. Gómez Palacio",NA,"2005-11-30","0","",25.551222222222,-103.50252777778,"2005-12-01","Tiempo del centro, UTC-6 (UTC-5 en verano)","https://www.google.com.mx/maps/place/25%C2%B033'04.4%22N+103%C2%B030'09.1%22W/@25.551309,-103.5024404,3a,75y,195.05h,107.61t/data=!3m7!1e1!3m5!1sqzo2V2sDU4uq0HXgIONpwA!2e0!6s%2F%2Fgeo3.ggpht.com%2Fcbk%3Fpanoid%3Dqzo2V2sDU4uq0HXgIONpwA%26output%3Dthumbnail",NA
111,"Canales Lira","CLB",64,"Municipio de Juárez","CJU","C/ José Borunda Ote","2867","","Del Mestro","32330","8","235",NA,"0",NA,NA,"2014-12-31","0","",31.735788888889,-106.45761111111,"2019-09-02","Sonora, UTC-7","",""
408,"Carrillo Puerto","CAP",78,"Zona Metropolitana de Querétaro","ZMQ","Alfonso Reyes","500","","Plutarco Elias Calles","76134","22","1799",NA,"0",NA,NA,NA,NA,"",20.610597222222,-100.43759722222,"2021-05-03","Tiempo del centro (UTC-6 todo el año)","","https://www.youtube.com/embed/YMVKwQeS0CE"
297,"Casa Hogar","CHO",73,"Oaxaca","OAX","Río Sena esquina Río Usumacinta","",""," Santa Rosa Panzacola","","20","1065",NA,"0",NA,NA,NA,NA,"",17.094666666667,-96.752166666667,"2015-08-01","Tiempo del centro, UTC-6 (UTC-5 en verano)","/www.google.com.mx/maps/@17.0947115,-96.7520914,3a,75y,224.61h,75.07t/data=!3m6!1e1!3m4!1sSZgMtsBsc5JYv9-T6zoEPw!2e0!7i13312!8i6656",""
31,"CBTIS","CBT",30,"Aguascalientes","AGS","Niza","s/n","","Del Valle Segunda Sección ","20089","1","1","2010","1850","Calle. Niza ND Fracc. Del Valle Segunda Sección, Aguascalientes Ags.","2010-12-31","2010-08-23","12","https://www.youtube.com/embed/SNcAjJB_zi8",21.873311111111,-102.32080277778,"2010-08-24","Tiempo del centro (UTC-6 todo el año)","https://www.google.com.mx/maps/@21.8727525,-102.3207776,3a,75y,21.69h,91.62t/data=!3m6!1e1!3m4!1s8yZfPD-5fwsa6lYXppNenA!2e0!7i13312!8i6656","https://www.youtube.com/embed/tggsv9S0lDM"
123,"Ceboruco","CB",65,"Toluca","TLC","Calle Ceboruco","s/n","","Azteca","50640","15","762","2010","2687","Preparatoria No. 5 de la UAEM, Km. 2.5 carretera a San Felipe Tlalmimilolpan esq. Cerobuco, Metepec, Méx.. C.P. 50640","2015-01-31","2014-12-31","0","https://www.youtube.com/embed/sfabxegU0Fc",19.260305555556,-99.645722222222,"2010-12-31","Tiempo del centro (UTC-6 todo el año)","https://www.google.com.mx/maps/@19.2779322,-99.6563032,3a,75y,332.59h,84.81t/data=!3m6!1e1!3m4!1sTUZgztdDs6qHoTlu7Tcmog!2e0!7i13312!8i6656",""
33,"Centro","CEN",30,"Aguascalientes","AGS","Rivero y Gutiérrez esquina con Morelos","s/n","s/n","Zona Centro","20000","1","1","1997","1883","Calle Rivero y Gutiérrez esquina con Morelos, Zona Centro , Municipio de Aguascalientes, Ags.",NA,"2015-01-14",NA,"https://www.youtube.com/embed/MfwTsxxPEic",21.883780555556,-102.295825,"2016-01-01","Tiempo del centro (UTC-6 todo el año)","https://www.google.com.mx/maps/@21.8836364,-102.295553,3a,83.2y,198.3h,106.92t/data=!3m6!1e1!3m4!1szY26ehbakqtwSLNnUdxLXw!2e0!7i13312!8i6656","https://www.youtube.com/embed/QPYSASjQJKw"
54,"Centro","CEN",38,"Chihuahua","CHIH1","Avenida División del Norte y Universidad","S/N","","Altavista","31200","8","217","2007","1450","Av. División del Norte y Av. Universidad","2016-04-30","2015-05-07","0","https://www.youtube.com/embed/ZdrsOu8PeJ8",28.652222222222,-106.08555555556,"2015-05-08","Tiempo del centro (UTC-6 todo el año)","https://www.google.com.mx/maps/@28.651342,-106.085813,3a,75y,308.06h,90t/data=!3m7!1e1!3m5!1sUQJVjv_GLFZ7ZcV4NLFh3A!2e0!6shttps:%2F%2Fstreetviewpixels-pa.googleapis.com%2Fv1%2Fthumbnail%3Fpanoid%3DUQJVjv_GLFZ7ZcV4NLFh3A%26cb_client%3Dmaps_sv.tactile.gps%2","https://www.youtube.com/embed/MUjzsEhklPM"
102,"Centro","CEN",63,"Guadalajara","GDL","","","","Centro","","14","570","1993","1582","Churubusco No. 143 entre las calles Dionisio Rodríguez y Javier Mina, Sector Libertad . Guadalajara, 44750, Jalisco",NA,"2014-12-31","0","",20.673764722222,-103.33333611111,"1997-01-01","Tiempo del centro, UTC-6 (UTC-5 en verano)","",""
170,"Centro","CEN",78,"Zona Metropolitana de Querétaro","ZMQ","Ignacio Zaragoza","90","","Centro","76000","22","1799","2009","1817","Ignacio Zaragoza 90, Col Centro, Santiago de Querétaro, Qro.",NA,"2014-12-31","0","",20.587513888889,-100.395025,"2018-11-15","Tiempo del centro, UTC-6 (UTC-5 en verano)","https://www.google.com.mx/maps/place/Calle+Ignacio+Zaragoza+90,+Centro,+76000+Santiago+de+Quer%C3%A9taro,+Qro./@20.5873503,-100.3948167,3a,60y,318.06h,89.61t/data=!3m7!1e1!3m5!1sDgv5xfmbs1ZE8cn0KEkNIg!2e0!6s%2F%2Fgeo1.ggpht.com%2Fcbk%3Fpanoid%3DDgv5xfmbs1","https://www.youtube.com/embed/nmsR8BQKtAg"
437,"Centro Cívico","PMN",152,"Municipio de Mexicali","MXCM","Calzada Independencia","998","","Centro Cívico","21000","2","13",NA,"0",NA,"2019-02-28","2018-12-31","4","",32.640027777778,-115.47463888889,"2019-08-21","Tiempo del noroeste, UTC-8 (UTC-7 en verano)","",""
245,"Centro de Ciencias de la Atmósfera","CCA",119,"Valle de México","CMX","Circuito Exterior s/n","S/N","S/N","Ciudad Universitaria"," 0451","9","267",NA,"2294",NA,NA,"2015-12-31","0","",19.326388888889,-99.176111111111,"2013-12-31","Tiempo del centro (UTC-6 todo el año)","",""
160,"Centro de Educación Artística","CED",73,"Oaxaca","OAX","Dr. Pardo","2","","Centro","","20","1065",NA,"0",NA,NA,"2014-12-31","0","https://youtu.be/uN3otHOR4Uo",16.699340277778,-96.866455,"2013-02-01","Tiempo del centro (UTC-6 todo el año)","/www.google.com.mx/maps/@17.0557031,-96.7248423,3a,75y,199.99h,96.68t/data=!3m6!1e1!3m4!1s_I-SsxfmVzbDLk8ftwwExg!2e0!7i13312!8i6656","https://youtu.be/8SCEZ8XP6UU"
306,"Centro de Rehabilitación DIF","DIF",125,"Piedras Negras","PDS","Avenida 16 de Septiembre","218","","Las Fuentes ","26017","5","70",NA,"0",NA,NA,NA,NA,"",28.707666666667,-100.5265,"2016-02-09","Tiempo del centro, UTC-6 (UTC-5 en verano)","",""
82,"Centro de Salud","ATI",51,"Atitalaquia","ATI","Avenida Norte    ","No. 6","No. 6","Col Centro","C.P.","13","457","2009","0","Av. Norte No. 6, Centro, Atitalaquia",NA,"2015-12-31","0","https://youtu.be/tlP150s_DAk",20.06,-99.221944444444,"2012-03-30","Tiempo del centro (UTC-6 todo el año)","","https://youtu.be/ixCT4CcuazU"
90,"Centro de Salud","CSA",58,"Tula","TUL","Manuel Rojo del Río ","No. 5","No. 5","colonia centro","C.P.","13","523","2004","0","Atanasio Bernal No. 1 Esq. 16 de Septiembre. Cabecera municipal, col. Centro, Tula de Allende",NA,"2016-04-13","0","https://youtu.be/DaiIFfW3Rg4",20.053777777778,-99.340055555556,"2012-12-31","Tiempo del centro (UTC-6 todo el año)","","https://youtu.be/UEV22SnJyW8"
438,"Centro de Salud","CSA",110,"Apizaco","APZ","José Aramburu ","S/N","","San Martín de Porres","90337","29","2027",NA,"0",NA,"2019-09-30",NA,NA,"",19.409853333333,-98.150011111111,"2019-09-13","Tiempo del centro (UTC-6 todo el año)","",""
41,"CESPM","SPABC19",32,"Mexicali","MXC","Av. Del Polen","s/n","","Xochimilco","21354","2","13","2010","5","Av. Del Polen ND Col. Xochimilco",NA,"2014-12-31","0","",32.603638888889,-115.48594444444,"2011-12-31","Tiempo del noroeste, UTC-8 (UTC-7 en verano)","",""
246,"Chalco","CHO",119,"Valle de México","CMX","Insurgentes","S/N","S/N","Casco de San Juan","56600","15","681","2003","2253","Calle de San Juan ND, Col. Casco de San Juan, Chalco, Estado de México, C.P. 56600",NA,"2015-12-31","0","",19.267222222222,-98.886111111111,"2007-06-01","Tiempo del centro (UTC-6 todo el año)","",""
74,"CICEG - Bomberos","CC",47,"León","LEO","Blvd. Adolfo López Mateos","3401",""," Industrial Julian de Obregon","37290","11","340","2002","1804","Blvd. Adolfo López Mateos 3401 Oriente, Col. Fraccionamiento Julián de Obregón, León, Guanajuato, C.P. 37290",NA,"2014-12-31","0","https://www.youtube.com/embed/HGszBYcdeGY",21.103055555556,-101.63611111111,"2005-05-13","Tiempo del centro (UTC-6 todo el año)","","https://www.youtube.com/embed/gSzzQRKkE4Y"
55,"CIMAV","CIMAV",39,"Chihuahua - Municipal","CHIH2","Miguel de Cervantes ","120","","Industrial Chihuahua","31109","8","217",NA,"0",NA,NA,"2014-12-31","0","",28.716083333333,-106.13330555556,"2006-12-31","Sonora, UTC-7","",""
482,"Clínica de Nutrición","UACJ",64,"Municipio de Juárez","CJU","Batalla de Zacatecas","3820","","Enriquez Guzmán","32675","8","217",NA,"1147",NA,NA,NA,NA,"",31.655,-106.46638888889,"2024-06-11","Sonora, UTC-7","",""
478,"Clínica Hospital ISSSTE","TUX-07",160,"Tuxpan","TUX","5 de mayo","33","","Zapote Gordo","92860","30","2271",NA,"10",NA,NA,NA,NA,"",20.952466666667,-97.416905555556,"2024-09-12","Sonora, UTC-7","",""
39,"COBACH","SPABC14",32,"Mexicali","MXC","H. Colegio militar","s/n","","Marta Welch","21179","2","13","1997","3","H. Colegio militar ND",NA,"2014-12-31","0","",32.639722222222,-115.50638888889,"1997-01-06","Tiempo del noroeste, UTC-8 (UTC-7 en verano)","",""
499,"Comandancia Anáhuac","CM",152,"Municipio de Mexicali","MXCM","Calz Anáhuac","s/n","","Televisora","21340","2","13",NA,"9",NA,NA,NA,NA,"",32.6098,-115.47827194444,"2025-08-14","Tiempo del noroeste, UTC-8 (UTC-7 en verano)","",""
56,"CONALEP","CNP",40,"Torreón","TORR","Calzada José Vasconcelos ","s/n","s/n","esquina con Calle Azuay, Colonia Merced II","27276","5","67",NA,"0",NA,NA,"2014-12-31","0","",25.522694444444,-103.39580555556,"2013-12-31","Tiempo del centro (UTC-6 todo el año)","",""
450,"Corregidora","COR",78,"Zona Metropolitana de Querétaro","ZMQ","Ribera del Río, Esq. Camino las Flores","","","","","22","1791",NA,"1813",NA,NA,NA,NA,"",20.552563888889,-100.44580555556,"2021-07-02","Tiempo del centro (UTC-6 todo el año)","",""
492,"Country","COU",63,"Guadalajara","GDL","Av Enrique Díaz de León Nte ","1215","","Mezquitán Country","44260","14","651",NA,"1640",NA,"2025-12-16","2024-12-16","0","",20.698071111111,-103.35811861111,"2025-03-10","Tiempo del centro (UTC-6 todo el año)","",""
247,"Coyoacán","COY",119,"Valle de México","CMX","Hidalgo","62","S/N","Del Carmen Coyoacán","04000","9","267","2003","2260","Av. Miguel Hidalgo No. 62, Colonia Del Carmen Coyoacán, Delegación Coyoacán, México, Distrito Federal C.P. 04000",NA,"2015-12-31","0","",19.350277777778,-99.157222222222,"2003-08-01","Tiempo del centro (UTC-6 todo el año)","",""
77,"Cruz roja","CR",48,"Salamanca","SAL","Ezequiel Ordoñez","100","Bellavista","","36730","11","347","1998","1721","Av. Faja de Oro Esq. Con Ezequiel Ordoñez, Col. Bellavista, Salamanca, Guanajuato, C.P. 36730",NA,"2020-12-31","0","",20.578611111111,-101.19888888889,"2000-01-01","Tiempo del centro (UTC-6 todo el año)","https://www.google.com.mx/maps/place/20%C2%B033'29.0%22N+101%C2%B012'17.0%22W/@20.5581447,-101.2047014,3a,75y,275.23h,101.04t/data=!3m7!1e1!3m5!1sFjhwncy0RJ5-xciY4BaMTw!2e0!6s%2F%2Fgeo0.ggpht.com%2Fcbk%3Fpanoid%3DFjhwncy0RJ5-xciY4BaMTw%26output%3Dthumbnai","https://www.youtube.com/embed/9Nnk9ElncYs"
447,"Cruz Roja Mexicana","VER-04",154,"Veracruz","VER","Av. Salvador Díaz Mirón ","1998","","Fracc. Moderno","1702","30","2275",NA,"0",NA,NA,NA,NA,"",19.177338888889,-96.134352777778,"2021-02-08","Tiempo del centro, UTC-6 (UTC-5 en verano)","",""
248,"Cuajimalpa","CUA",119,"Valle de México","CMX","Monte Encino ","14","S/N","Jesús del Monte","05260","9","268","2003","2704","Calle Monte Encino ND,  Col. Jesús del Monte, Delegación Cuajimalpa, México, Distrito Federal, C.P. 05260",NA,"2015-12-31","0","",19.365555555556,-99.291944444444,"1997-01-01","Tiempo del centro (UTC-6 todo el año)","",""
249,"Cuautitlán","CUT",119,"Valle de México","CMX","Carretera Circunvalación","S/N","S/N","El Trebol","54600","15","751","2003","2263","Carretera Circunvalación ND, Colonia Parque Industrial El Convento, Municipio de Tepotzotlán, Estado de México, CP. 54600.",NA,"2015-12-31","0","",19.646666666667,-99.210277777778,"2011-12-31","Tiempo del centro (UTC-6 todo el año)","Jaz",""
134,"Cuernavaca 01","PGO",69,"Cuernavaca","CUE","Plaza de Armas","s/n","s/n","Centro","62000","17","901","2002","1480","Plaza de Armas, Col Centro. Morelos C.P. 62000",NA,"2014-12-31","0","",18.921817777778,-99.234896666667,"2005-08-30","Tiempo del centro, UTC-6 (UTC-5 en verano)","https://www.google.com.mx/maps/@18.9217782,-99.2349346,119m/data=!3m1!1e3",""
407,"Delphi","DEL",64,"Municipio de Juárez","CJU"," Av. de la Industria y Av. Antonio J. Bermúdez, ","","","Col. Parque Industrial Bermúdez","32470","8","235",NA,"0",NA,NA,NA,NA,"",31.717088888889,-106.39633611111,"2020-03-13","Tiempo del pacífico, UTC-7 (UTC-6 en verano)","",""
78,"DIF","DIF",48,"Salamanca","SAL","Rosario Castellanos ","","","Guanajuato","36780","11","347","2001","1721","Calle Rosario Castellanos No. 103, Col. Guanajuato, Salamanca, Guanajuato, C.P. 36780","2016-07-31","2015-12-31","0","",20.558055555556,-101.20472222222,"2000-09-01","Tiempo del centro (UTC-6 todo el año)","","https://www.youtube.com/embed/34Hmv3p5IX8"
172,"DIF","DIF",79,"San Luis Potosí Estatal","SLP","Av. de las Artes esquina Xicotencatl","1650","","Himno Nacional","78280","24","1842",NA,"0",NA,NA,NA,NA,"",22.13175,-100.97691666667,"2017-03-17","Sonora, UTC-7","",""
451,"El Marqués","EMA",78,"Zona Metropolitana de Querétaro","ZMQ","Dirección de Desarrollo Urbano de El Marqués, Calle los pastores"," 32","","El Panteón","76240","22","1796",NA,"1300",NA,NA,NA,NA,"",20.605872222222,-100.33229166667,"2021-07-02","Tiempo del centro (UTC-6 todo el año)","",""
460,"Epigmenio González","EPG",78,"Zona Metropolitana de Querétaro","ZMQ","","","","","","22","1799",NA,"1840",NA,NA,NA,NA,"",20.627538888889,-100.40862222222,"2021-08-12","Tiempo del centro (UTC-6 todo el año)","",""
144,"Escobedo","N",72,"Monterrey","MTY","Margaritas","225","","Los Olivos","66050","19","968","2009","528","Av. Unión y calle Barcelona, Col. Fraccionamiento Santa Luz, General Escobedo, Nuevo León.",NA,"2014-12-31","0","",25.799088888889,-100.327075,"2009-12-22","Tiempo del centro (UTC-6 todo el año)","https://www.google.com.mx/maps/@25.8005833,-100.3443351,3a,75y,3.59h,74.94t/data=!3m6!1e1!3m4!1sX_m78oWau0zTYAdEKJ58_g!2e0!7i13312!8i6656",""
427,"Escuela Primaria 1° de mayo","PRIM",79,"San Luis Potosí Estatal","SLP","Jorge Euguel","745-A","","Azaleas","78436","24","1842",NA,"1861",NA,NA,NA,NA,"https://www.youtube.com/watch?v=oCht-ZbHSlg&feature=youtu.be",22.159444444444,-100.95333333333,"2018-06-21","Sonora, UTC-7","","https://www.youtube.com/watch?v=oCht-ZbHSlg&feature=youtu.be"
137,"Escuela Primaria Julian Gazcon","PRIM",71,"Tepic","TPC","Acacia ","189","","San Juan ","63130",NA,NA,NA,"0",NA,"2015-01-31","2014-12-31","2","",21.509805555556,-104.91018055556,"2014-12-31","Tiempo del pacífico, UTC-7 (UTC-6 en verano)","https://www.google.com.mx/maps/@21.5098647,-104.9099848,3a,75y,271.42h,95.84t/data=!3m6!1e1!3m4!1slJ0Emdp4coENh8Bph2457A!2e0!7i13312!8i6656","https://www.youtube.com/embed/XziwRe03AKY"
84,"Estación de Bomberos de Cd. Sahagún","TEP",53,"Tepeapulco","TEP","Avenida Domingo Muñoz Chimalpain ","S/N","S/N ","Colonia Salvador Allende","C.P.","13","508",NA,"0",NA,NA,NA,NA,"https://youtu.be/2Pg4Ds1ybWk",19.771694444444,-98.577694444444,"2016-03-01","Tiempo del centro (UTC-6 todo el año)","","https://youtu.be/wcBnZQ6HFds"
294,"Explanada del Congreso","CDA",118,"Zacatecas","ZAC","Fernando Villalpando, ","S/N","","Zacatecas Centro, ","98000","32","2456",NA,"0",NA,NA,"2016-11-01","0","https://www.youtube.com/embed/wIj8sIfKi9s",22.774797222222,-102.57445833333,"2015-10-28","Tiempo del centro (UTC-6 todo el año)","",""
75,"Facultad de Medicina","FM",47,"León","LEO","16 de Septiembre","201 A","","Col. Obregón","37320","11","340","2007","1804","16 Septiembre esq. 20 Enero, Col. Centro, León, Gto., C.P. 37000",NA,"2014-12-31","0","https://www.youtube.com/embed/4AajaaD5O8E",21.133333333333,-101.68,"2008-01-07","Tiempo del centro (UTC-6 todo el año)","","https://www.youtube.com/embed/yNtBU1r3eKA"
173,"Facultad Psicología","FPS",79,"San Luis Potosí Estatal","SLP","De los Talleres","186","","Valle Dorado","78399","24","1842",NA,"0",NA,NA,NA,NA,"",22.144444444444,-100.94861111111,"2009-06-30","Tiempo del centro, UTC-6 (UTC-5 en verano)","","https://www.youtube.com/embed/fBgmD_HdkNg"
169,"Félix Osores","FEO",78,"Zona Metropolitana de Querétaro","ZMQ","Av. De la Luz","602","","Cerrito Colorado","","22","1799","2009","1861","Av. De la Luz No. 602, Col. Cerrito Colorado, Santiago de Querétaro, Qro.",NA,"2014-12-31","0","",20.636819444444,-100.46388333333,"2021-05-03","Tiempo del centro (UTC-6 todo el año)","https://www.google.com.mx/maps/place/20%C2%B038'06.5%22N+100%C2%B027'33.3%22W/@20.6350871,-100.4591899,3a,75y,214.05h,105.77t/data=!3m7!1e1!3m5!1s1ZfmsoGEqFsKjsvR3plrNA!2e0!6s%2F%2Fgeo2.ggpht.com%2Fcbk%3Fpanoid%3D1ZfmsoGEqFsKjsvR3plrNA%26output%3Dthumbnai","https://www.youtube.com/embed/dn-J6hLa42o"
250,"FES Acatlán","FAC",119,"Valle de México","CMX","Alcanfores y San Juan Totoltepec","S/N","S/N","Santa Cruz Acatlán","53150","15","713","2003","2299","Avenida Alcanfores ND, esquina con San Juan Totoltepec, Colonia Santa Cruz Acatlán, Municipio de Naucalpan, Estado de México, CP. 53150.",NA,"2015-12-31","0","",19.4825,-99.243611111111,"1997-01-01","Tiempo del centro, UTC-6 (UTC-5 en verano)","",""
431,"FES Aragón","FAR",119,"Valle de México","CMX","Av. Hacienda de Rancho Seco","S/N","","Impulsora Popular Avícola","57130","15","714",NA,"2230",NA,NA,NA,NA,"",19.473691944444,-99.046175833333,"2019-03-03","Tiempo del centro, UTC-6 (UTC-5 en verano)","",""
304,"Finanzas","FIN",123,"Saltillo","SLW","Emilio Castelar ","150","","Zona Centro, Edificio de la Secretaria de Finanzas","25000","5","62",NA,"0",NA,NA,"2016-08-20","0","",25.421472222222,-100.99686111111,"2016-07-28","Tiempo del centro, UTC-6 (UTC-5 en verano)","",""
145,"García","NO2",72,"Monterrey","MTY","Heriberto Castillo Martínez","200","","Cabecera Municipal de García","66000","19","965","2009","716","Sierra Real y Sierra García, Col. Fraccionamiento Sierra Real, García Nuevo León",NA,"2014-12-31","0","https://youtu.be/AaDk01wtuZc",25.800411111111,-100.58487777778,"2009-08-01","Tiempo del centro (UTC-6 todo el año)","https://www.google.com.mx/maps/place/25%C2%B047'00.0%22N+100%C2%B035'09.0%22W/@25.7835139,-100.5860498,3a,75y,129.59h,90t/data=!3m7!1e1!3m5!1s__fC8mUsC7n8HmZWf4TzkQ!2e0!6s%2F%2Fgeo3.ggpht.com%2Fcbk%3Fpanoid%3D__fC8mUsC7n8HmZWf4TzkQ%26output%3Dthumbnail%26",""
302,"Gustavo A. Madero","GAM",119,"Valle de México","CMX","Ing.Eduardo Molina","1577","S/N","Salvador Díaz Mirón","07400","9","269",NA,"2227",NA,NA,"2015-12-31","0","",19.482777777778,-99.094722222222,"2014-12-31","Tiempo del centro, UTC-6 (UTC-5 en verano)","",""
85,"Hospital","HUI",54,"Huichapan","HUI","Calle 16 de enero   ","S/N","","Barrio Abundio Martínez,","","13","476",NA,"0",NA,NA,NA,NA,"",20.375111111111,-99.654444444444,"2014-10-01","Tiempo del centro (UTC-6 todo el año)","",""
80,"Hospital General","HG",49,"Silao","SIL","Hidalgo","400","","Zona Centro","36100","11","357","2006","1780","Miguel Hidalgo No. 40, Col. Zona Centro, Silao, Guanajuato, C.P. 36100",NA,"2014-12-31","0","https://www.youtube.com/embed/PBTOl-MyI6Y",20.947777777778,-101.42583333333,"2005-09-23","Tiempo del centro (UTC-6 todo el año)","","https://www.youtube.com/embed/w9HEgws3zXo"
251,"Hospital General de México","HGM",119,"Valle de México","CMX","Dr. Balmis ","148","S/N","Doctores","06726","9","279","2011","0","Doctor Balmis # 148, Colonia Doctores, Delegación Cuauhtémoc, México DF, CP. 06726.",NA,"2015-12-31","0","",19.411666666667,-99.152222222222,"2011-12-31","Tiempo del centro (UTC-6 todo el año)","",""
171,"Industriales Potosinos Asociados","IPAC",79,"San Luis Potosí Estatal","SLP","Amado Nervo","316","","Tequisquiapan","78237","24","1842",NA,"0",NA,NA,"2009-12-31","0","",22.15125,-100.99611111111,"2006-01-01","Sonora, UTC-7","","https://www.youtube.com/embed/R5CsHC4Xqu8"
428,"Instituto de Ingeniería y Tecnología","IIT",150,"Ciudad Juárez 2","CJU2","Av, del Charro","450","","Universidad","32584","8","235",NA,"1127",NA,NA,NA,NA,"",31.743333333333,-106.43166666667,"2018-12-05","Tiempo del noroeste, UTC-8 (UTC-7 en verano)","",""
303,"Instituto Educativo","IED",30,"Aguascalientes","AGS"," Av Pozo Bravo","","","Villas de Ntra. Sra. de la Asunción","20126","1","1",NA,"1865",NA,"2016-01-31","2015-12-31","0","https://www.youtube.com/embed/HLuYagGKxlE",21.903277777778,-102.27611111111,"2016-01-01","Tiempo del centro (UTC-6 todo el año)","","https://www.youtube.com/embed/PYbaaN2LedA"
301,"Instituto Nacional de Investigaciones Nucleares","INN",119,"Valle de México","CMX","Carretera México toluca ","S/N","S/N","La marquesa","52750","15","718",NA,"3082",NA,NA,"2015-12-31","0","",19.292222222222,-99.380555555556,"2014-12-31","Tiempo del centro (UTC-6 todo el año)","",""
234,"Instituto Tecnológico de Minatitlán","MIN-01",114,"Minatitlán","MIN","Instituto Tecnológico","","","Buena Vista Nte","96848","30","2190","2013","22","Av. Instituto Tecnológico ND, Colonia Buena Vista, C.P. 96848, Minatitlán, Veracruz",NA,"2014-12-31","0","https://www.youtube.com/embed/UjrHNRR7W7s",18.005675,-94.555336111111,"2013-01-01","Tiempo del centro (UTC-6 todo el año)","https://www.google.com.mx/maps/@19.5362484,-96.9310575,3a,75y,341.28h,94.85t/data=!3m6!1e1!3m4!1stNpZa4nAdFlf6L8-mp-RVQ!2e0!7i13312!8i6656",""
187,"Instituto Tecnológico de Nogales","TEC",88,"Nogales","NOG","Av. Instituto Tecnológico","911","","Granja","84065","26","1933",NA,"0",NA,"2016-07-01","0000-00-00","0","Array",31.293111111111,-110.95230555556,"2014-08-13","Tiempo del pacífico, UTC-7 (UTC-6 en verano)","https://www.google.com/maps/@31.2912541,-110.951331,3a,75y,303.38h,108.63t/data=!3m6!1e1!3m4!1sr7NzS2LZ9ZTsC9tMveGZ_w!2e0!7i13312!8i6656",""
95,"Instituto Tecnológico de Pachuca","ITP",59,"Pachuca","PAC","Blvd. Felipe Ángeles","KM 84.5","","Pachuca de Soto","42083","13","495",NA,"2380",NA,NA,NA,NA,"",20.085277777778,-98.774166666667,"2026-01-26","Tiempo del centro, UTC-6 (UTC-5 en verano)","",""
192,"Instituto Tecnológico de Villahermosa","ITVH",93,"Centro","CEN","Km. 3.5 Carretera, Villahermosa","","","Col. Indeco, Cd. Industrial","86010","27",NA,"2010","0","Carretera Villahermosa - Frontera Km. 3.5 Cd. Industrial Carretera Villahermosa - Frontera Km. 3.5 Cd. Industrial",NA,NA,NA,"",18.022722222222,-92.905080555556,"2018-10-16","Tiempo del centro, UTC-6 (UTC-5 en verano)","",""
59,"IPN","IPN",42,"Durango","DGO","Sigma","","","20 de Noviembre II","","10","286","2010","0","Calle Sigma ND, Col. 20 de Noviembre Sahuatoba, Durango","2016-04-01","2015-08-27","0","",24.051555555556,-104.61136111111,"2013-12-31","Tiempo del centro, UTC-6 (UTC-5 en verano)","",""
58,"ITD","ITD",42,"Durango","DGO","Blvd. Felipe Pescador","","","Zona centro","","10","286","2006","0","Blvd. Felipe Pescador, Durango. Durango, 34200",NA,"2010-05-20","0","juanma",24.034472222222,-104.64502777778,"2010-02-05","Tiempo del centro, UTC-6 (UTC-5 en verano)","https://www.google.com.mx/maps/@19.2934836,-99.3751901,3a,15.2y,78.76h,92.51t/data=!3m6!1e1!3m4!1sna7TkgNoIwXp9VjFMlMnNQ!2e0!7i13312!8i6656",""
143,"ITNL","SE",72,"Monterrey","MTY","Av. Eloy Cavazos","2001","","Tolteca","67170","19","973","1992","492","Av. Eloy Cavazos y Pablo Livas, Col. Pastora, Guadalupe, Nuevo León.",NA,"2017-08-31","0","https://youtu.be/KWB50pAMVrY",25.665455555556,-100.24345833333,"1997-01-01","Tiempo del centro (UTC-6 todo el año)","https://www.google.com.mx/maps/place/25%C2%B040'05.0%22N+100%C2%B014'58.0%22W/@25.665256,-100.2478174,3a,75y,90t/data=!3m7!1e1!3m5!1sjb2243feHlhVwdXex4uwmA!2e0!6s%2F%2Fgeo3.ggpht.com%2Fcbk%3Fpanoid%3Djb2243feHlhVwdXex4uwmA%26output%3Dthumbnail%26cb_client",""
252,"Iztacalco","IZT",119,"Valle de México","CMX","Guillermo Prieto y Melchor Ocampo","73","S/N","Campamento 2 de octubre","08930","9","270","2003","2238","Calle Guillermo Prieto #73, esquina con Melchor Ocampo súper manzana #4, Manzana 17 Lote 8,",NA,"2015-12-31","0","",19.384444444444,-99.117777777778,"2007-06-01","Tiempo del centro (UTC-6 todo el año)","",""
92,"Jardín del Maestro","JDN",59,"Pachuca","PAC","Avenida Benito Juarez","S/N","","Centro","42082","13","495","2009","0","Av. Juárez ND, col. Centro Pachuca, entre calle Manuel Dublan y Gral. Ignacio Mejía","2016-01-31","2015-12-31","0","https://youtu.be/VyYBFtR5tfs",20.120555555556,-98.74,"2012-03-28","Tiempo del centro (UTC-6 todo el año)","","https://youtu.be/drQOqybG25k"
454,"Josefa Vergara","JOV",78,"Zona Metropolitana de Querétaro","ZMQ","Calle 21 ","#1000 ","","Lomas de Casablanca","76080","22","1799",NA,"1500",NA,NA,NA,NA,"",20.565863888889,-100.38918611111,"2021-08-12","Tiempo del centro (UTC-6 todo el año)","",""
147,"Juárez","SE2",72,"Monterrey","MTY","LAZARO GARZA AYALA ESQUINA CON GRAL. SANTIAGO TAPIA (Azotea DIF)","S/N","","CENTRO","67250","19","978","2012","387","Lázaro Garza Ayala # 215, cruz con Guerrero Centro de Juárez, N. L",NA,"2014-12-31","0","",25.646111111111,-100.09555555556,"2011-12-31","Tiempo del centro (UTC-6 todo el año)","",""
491,"Junta Estatal de Caminos","CM1",140,"Baja California Sur","LAP"," Lic. Primo Verdad","990","","Zona Central","23000","3","19",NA,"25",NA,NA,NA,NA,"",24.153176388889,-110.30813583333,"2024-11-29","Sonora, UTC-7","",""
305,"Jurisdicción Sanitaria","JUR",124,"Monclova","MON","Calle Quinta","1631","","Cd Deportiva","25750","5","50",NA,"0",NA,"2018-01-01",NA,NA,"",26.903277777778,-101.448,"2016-07-26","Tiempo del centro (UTC-6 todo el año)","",""
47,"La Mesa","SPABC03",35,"Tijuana","TIJ","C. Cajeme","S/N","","Fracc. Cortes","22460","2","15","1995","72","c. Cajeme ND Fracc. Cortes, La mesa, Tijuana. Cp. 22460 catastral BI-117-001",NA,NA,"0","",32.4975,-116.97694444444,"1997-01-07","Sonora, UTC-7","",""
253,"La Presa","LPR",119,"Valle de México","CMX","Asociación Mexicana de Excursionistas del D.F.","S/N","S/N","La Presa,"," 5418","15","760","2003","2302","Calle Asociación de Excursionistas del Departamento del D.F ND, Col. Lázaro Cárdenas, Tlalnepantla, Estado de México, C.P. 54189",NA,"2015-12-31","0","",19.535,-99.117777777778,"1997-01-01","Tiempo del centro (UTC-6 todo el año)","",""
46,"Laboratorio","SPABC21",35,"Tijuana","TIJ","Calle Dos Oriente","s/n","","Ciudad Industrial Nueva Tijuana","22454","2","15","2011","120","Calle Dos Oriente ND Esq. Con calle Nueve Sur Ciudad Industrial Nueva Tijuana  cp. 22454",NA,NA,NA,"",32.529461111111,-116.92128055556,"2015-07-10","Tiempo del noroeste, UTC-8 (UTC-7 en verano)","",""
131,"Laboratorio de Salud","LAB",66,"Morelia","MRA","Las Américas","S/N","S/N","Las Américas","58270","16","834",NA,"1942",NA,NA,NA,NA,"https://youtu.be/uI_jNQ5U9jc",19.691977777778,-101.15547222222,"2015-09-01","Tiempo del centro, UTC-6 (UTC-5 en verano)","","https://www.youtube.com/watch?v=KTEF78Us95g"
103,"Las Águilas","AGU",63,"Guadalajara","GDL","Avenida López Mateos","5250","","Las águilas","","14","651","1993","1633","Avenida Adolfo López Mateos No. 5250 , Arboledas. Zapopan, 45070, Jalisco",NA,"2014-12-31","0","0",20.631268055556,-103.41643083333,"1997-01-01","Tiempo del centro, UTC-6 (UTC-5 en verano)","0","0"
162,"Las Ninfas","NIN",74,"Puebla","PUE","Calle 23 poniente entre 15 y 17 Sur.","S/N","S/N","Colonia Santiago","72410","21","1682","2000","2144","Calle 23 poniente entre 15 y 17 Sur; Col. Santiago",NA,"2014-12-31","0","",19.041388888889,-98.214222222222,"2000-08-01","Tiempo del centro, UTC-6 (UTC-5 en verano)","",""
104,"Las Pintas","PIN",63,"Guadalajara","GDL","López Santos","","","Las Pintas","","14","601","2008","1670","López Santos 6544 entre Brigido Pérez y Dionicio Salazar Delegación de Las Pintas",NA,"2014-12-31","0","",20.576823888889,-103.32652861111,"2010-12-31","Tiempo del centro, UTC-6 (UTC-5 en verano)","",""
105,"Loma Dorada","LDO",63,"Guadalajara","GDL","Loma Plana Norte","S/N","","Loma Dorada","45402","14","632","1993","1645","Loma Plana Norte cruza con Loma Plana Sur, Loma Dorada. Tonala, , Jalisco",NA,"2014-12-31","0","",20.629294722222,-103.25694444444,"1997-01-01","Tiempo del centro, UTC-6 (UTC-5 en verano)","",""
255,"Lomas","LOM",119,"Valle de México","CMX","Bosque de Ciruelo","99","","Bosques de las Lomas","11700","9","280",NA,"0",NA,NA,NA,"0","",19.403,-99.242055555556,"2024-10-18","Tiempo del centro, UTC-6 (UTC-5 en verano)","",""
254,"Los Laureles","LLA",119,"Valle de México","CMX","Río Piedad esq. Ponce ","S/N","S/N","Fracc. Río Piedras"," 5509","15","689","2003","0","Av. Río de Piedras ND, Col. Los Laureles, Ecatepec de Morelos, Estado de México, C.P. 55090",NA,"2015-12-31","0","",19.578888888889,-99.039722222222,"1997-01-01","Tiempo del centro (UTC-6 todo el año)","",""
256,"Merced","MER",119,"Valle de México","CMX","Congreso de la Unión esq. Stan de Tiro","S/N","S/N","Merced Balbuena","15860","9","281","2003","2245","Av. Congreso de la Unión No. 148, Col. Merced Balbuena,  Venustiano Carranza, México, Distrito Federal, C.P. 15860",NA,"2015-12-31","0","",19.424722222222,-99.119722222222,"1997-01-01","Tiempo del centro (UTC-6 todo el año)","",""
125,"Metepec","MT",65,"Toluca","TLC","Calle Manzana, entre las calles de Manuel J. Clouthier y calle Mango","20","","Izcalli Cuauhtémoc V","52176","15","710","2010","2620","Av. Manuel J. Cloutier ND Esq. Manzana Izcalli Cuauhtémoc V, Metepec, Estado de México, C.P. 52176",NA,"2014-12-31","0","https://www.youtube.com/embed/AtPDfW9eJlk",19.270194444444,-99.595194444444,"1997-01-01","Tiempo del centro (UTC-6 todo el año)","",""
263,"Miguel Hidalgo","MGH",119,"Valle de México","CMX","Sur 128 ","53",""," América","11820","9","280",NA,"2366",NA,NA,"2015-12-31","0","",19.404,-99.202722222222,"2014-12-31","Tiempo del centro (UTC-6 todo el año)","",""
299,"Milpa Alta","MPA",119,"Valle de México","CMX","Blvd. Nuevo León ","386","S/N","Villa Milpa Alta","12000","9","273",NA,"2343",NA,NA,NA,NA,"",19.200711111111,-99.011305555556,"2016-06-22","Tiempo del centro (UTC-6 todo el año)","",""
495,"Mineral de la Reforma","MRE",164,"Mineral de la Reforma","MIN","Santa Fe","42186","","La Providencia","42186","13","498",NA,"2377",NA,NA,NA,NA,"",20.057373436111,-98.718409488889,"2025-03-13","Tiempo del centro (UTC-6 todo el año)","",""
106,"Miravalle","MIR",63,"Guadalajara","GDL","Av. Gobernador Curiel","92","","Miravalle","44590","14","570","1993","1622","Avenida Gobernador Curiel cruce con la Avenida de la Pintura , Miravalle. Guadalajara, 44990, Jalisco",NA,"2014-12-31","0","",20.614444444444,-103.34333333333,"1997-01-01","Tiempo del centro, UTC-6 (UTC-5 en verano)","",""
479,"Misión San Juan","NO3",72,"Monterrey","MTY","Parque Cadena Hillier","","","Misión San Juan","66023","19","965",NA,"608",NA,NA,NA,NA,"",25.784941666667,-100.46339166667,"2024-06-17","Tiempo del centro (UTC-6 todo el año)","",""
257,"Montecillo","MON",119,"Valle de México","CMX","Km. 36,5 carretera México - Texcoco","S/N","","Montecillo","56230","15","755","2003","2252","Carretera México Texcoco Km. 36.5, Col. Montecillo, Texcoco, Estado de México, C.P. 56230",NA,"2015-12-31","0","",19.460416666667,-98.902861111111,"1997-01-01","Tiempo del centro (UTC-6 todo el año)","",""
326,"Museo de la Ciudad de México","MCM",119,"Valle de México","CMX","Pino Suárez ","30","S/N","Centro","06000",NA,NA,NA,"2237",NA,NA,NA,NA,"",19.429166666667,-99.132222222222,"2024-10-18","Tiempo del centro, UTC-6 (UTC-5 en verano)","",""
93,"Museo del Rehilete","REH",59,"Pachuca","PAC","Blvd. Felipe Ángeles Km. 84.5","S/N","S/N","Colonia Carlos Rovirosa","C.P.","13","495","2011","0","Antigua Carretera México - Pachuca Km 84.5, Venta Prieta, 42080 Pachuca, Hidalgo",NA,"2015-12-31","0","https://youtu.be/-UCvXs23mxc",20.077222222222,-98.777972222222,"2012-12-31","Tiempo del centro (UTC-6 todo el año)","","https://youtu.be/6ra7Cr2RQBQ"
79,"Nativitas","NAT",48,"Salamanca","SAL","Juárez","1198","","Nativitas","36770","11","347","2002","1721","Av. Juárez No. 1198, Col. Nativitas, Salamanca, Guanajuato","2016-01-31","2015-12-31","0","",20.565,-101.18805555556,"2002-03-20","Tiempo del centro (UTC-6 todo el año)","https://www.google.com.mx/maps/@20.55825,-101.2047323,3a,75y,235.62h,91.91t/data=!3m6!1e1!3m4!1sd_5J6HOAcvpW6yMgymHeKQ!2e0!7i13312!8i6656","https://www.youtube.com/embed/TF3LBOZJ5Gs"
258,"Nezahualcóyotl","NEZ",119,"Valle de México","CMX"," Ángel de la Independencia ","S/N","S/N","Metropolitana 2a sección","57740","15","714","2003","2235","Avenida Ángel de la Independencia ND, entre Escalerilla y Flamingo, Colonia Metropolitana 2da. sección, Municipio de Nezahualcóyotl, Estado de México, CP. 57740.",NA,"2015-12-31","0","",19.393888888889,-99.028333333333,"2003-08-01","Tiempo del centro (UTC-6 todo el año)","",""
141,"Obispado","CE",72,"Monterrey","MTY","5 DE MAYO (Interior de los patios de Agua y Drenaje de Monterrey)","2001","","NUEVO OBISPADO","64040","19","986","1992","560","Matamoros 1717 Poniente, Col. Obispado, Monterrey, Nuevo León.",NA,"2014-12-31","0","https://youtu.be/xeUMzS3TOoU",25.675975,-100.33838055556,"1997-01-01","Tiempo del centro (UTC-6 todo el año)","https://www.google.com.mx/maps/place/25%C2%B040'33.0%22N+100%C2%B020'18.0%22W/@25.6762463,-100.338486,3a,75y,234.58h,90t/data=!3m6!1e1!3m4!1sc3D_qeCmtN4kPAf0Q0-95A!2e0!7i13312!8i6656!4m5!3m4!1s0x0:0x0!8m2!3d25.6758333!4d-100.3383333",""
107,"Oblatos","OBL",63,"Guadalajara","GDL","Velino M. Presa","1685","","Oblatos","44700","14","570","1993","1698","Avelino M. Presa No. 1685 , Oblatos. Guadalajara, 44700, Jalisco",NA,"2014-12-31","0","",20.700538611111,-103.29661666667,"1997-01-01","Tiempo del centro, UTC-6 (UTC-5 en verano)","",""
126,"Oxtotitlán","OX",65,"Toluca","TLC","Lago Caimanero esq. Laguna de la Asunción","500","","Nueva Oxtotitlán","50100","15","762","2010","2711","Escuela Primaria ""Carmen Serdán"" calle Lago Caimero Esq. Laguna de la Asunción, Col. Nueva Oxtotitlán, Toluca, Estado de México, C.P. 50100","2015-01-31","2014-12-31","0","https://www.youtube.com/embed/CeRnytjsqr8",19.283444444444,-99.683488888889,"1997-01-01","Tiempo del centro (UTC-6 todo el año)","",""
220,"Palacio de Gobierno","PGO",107,"Tlaxcala","TLAX","Plaza de la Constitución","3","","Centro","90000","29","2055","2006","0","Plaza de la constitución No, 3, Tlaxcala, Tlax.","2017-12-31",NA,NA,"",19.317583333333,-98.237305555556,"2016-12-01","Tiempo del centro (UTC-6 todo el año)","",""
50,"Palacio Municipal","PMN",37,"Tuxtla Gutiérrez","TUX","Central y Segunda Norte","S/N","","Centro","29000","7","180",NA,"0",NA,NA,NA,NA,"",16.753166666667,-93.114944444444,"2024-06-11","Sonora, UTC-7","",""
133,"Palacio Municipal","PMNO",68,"Ocuituco","OCU","Plaza Principal","SN","","Tecamachalco","62850","17","910","1999","2220","Plaza principal ND, Barrio Tecamachalco, Ocuituco, Morelos C.P. 62850",NA,"2014-12-31","0","https://www.youtube.com/watch?v=xKn2A0F29Io",18.8775,-98.775555555556,"2019-04-23","Tiempo del centro, UTC-6 (UTC-5 en verano)","",""
388,"Palacio Municipal","ECH",66,"Morelia","MRA","Allende ","403","","Centro histórico de Morelia","58000","16","834",NA,"0",NA,NA,"2014-12-31","0","Array",19.701388888889,-101.195,"2018-03-02","Tiempo del centro, UTC-6 (UTC-5 en verano)","",""
132,"Palacio Municipal Cuautla","PMNC",67,"Cuautla","CUA","Sustento del Temor","","","Centro","","17","900","2006","1330","Palacio Municipal de Cuautla, Col. Centro, Cuautla Morelos",NA,NA,NA,"https://www.youtube.com/watch?v=Tl86aArsxJk",18.812986944444,-98.955305833333,"2016-04-23","Tiempo del centro (UTC-6 todo el año)","",""
430,"Parque La Esperanza","ESP",43,"Gómez Palacio","GPD","25 34 18.9 N, 103 29 52.1 O","","","","","10","288",NA,"0",NA,NA,NA,NA,"",25.571916666667,-103.49780555556,"2019-01-31","Tiempo del centro, UTC-6 (UTC-5 en verano)","",""
259,"Pedregal","PED",119,"Valle de México","CMX","Cañada ","370","S/N","Jardines del Pedregal","01900","9","274","2003","2326","Cañada No. 370, Col. Pedregal de San Ángel, Delegación Álvaro Obregón, México, Distrito Federal, C.P. 01900",NA,"2015-12-31","0","",19.325277777778,-99.204166666667,"1997-01-01","Tiempo del centro, UTC-6 (UTC-5 en verano)","",""
446,"Pesquería","NE3",72,"Monterrey","MTY","Boulevard Rogelio A. Pérez Arrambide ","2000","","Pesquería","66650","19","988",NA,"0",NA,NA,NA,NA,"",25.790555555556,-100.07852777778,"2020-09-08","Tiempo del centro (UTC-6 todo el año)","",""
448,"Planta de Tratamiento de Aguas Residuales Norte","PTN",64,"Municipio de Juárez","CJU","C. los Braceros","2616","","","32546","8","235",NA,"0",NA,NA,NA,NA,"",31.708663888889,-106.37323611111,"2024-06-11","Sonora, UTC-7","",""
332,"Plateros","PLA",119,"Valle de México","CMX","Francisco P. Miranda ","177","S/N","Lomas de Plateros","01600",NA,NA,NA,"2330",NA,NA,"2015-12-31","0","",19.367027777778,-99.200104722222,"2024-10-18","Tiempo del centro, UTC-6 (UTC-5 en verano)",NA,NA
477,"Poder Judicial del Estado","SAT-06",159,"San Andrés Tuxtla","SAT","Bénito Juárez","360","","Los Manguitos","95718","30","2223",NA,"360",NA,NA,NA,NA,"",18.452536111111,-95.223147222222,"2024-10-10","Tiempo del centro, UTC-6 (UTC-5 en verano)","",""
68,"Policía","POL",45,"Celaya","CEL","Pipila","#114","","Zona Centro","","11","327","2001","1760","Calle Pípila No. 144, Col. Centro, Celaya Guanajuato, C.P. 38060",NA,"2017-04-30","0","Array",20.5175,-100.81555555556,"2005-06-20","Tiempo del centro (UTC-6 todo el año)","https://www.google.com.mx/maps/place/20%C2%B031'03.0%22N+100%C2%B048'56.0%22W/@20.5184092,-100.8154663,3a,75y,218.99h,105.16t/data=!3m6!1e1!3m4!1spCU4EXiLQgSu71vxD3EMQA!2e0!7i13312!8i6656!4m5!3m4!1s0x0:0x0!8m2!3d20.5175!4d-100.8155556																https",""
426,"Preparatoria ITESM Eugenio Garza Lagüera","SUR",72,"Monterrey","MTY","Puerto Topolobampo","4603","","Las Brisas","64790","19","986",NA,"617",NA,NA,NA,NA,"",25.617905555556,-100.27512222222,"2018-03-09","Tiempo del centro (UTC-6 todo el año)","",""
352,"Presidencia Municipal","PRE-SMA",130,"San Miguel de Allende","SMA","Plaza Principal","#8","","Centro"," 3770","11","323",NA,"0",NA,NA,NA,NA,"",20.914755555556,-100.74380555556,"2017-06-07","Tiempo del centro (UTC-6 todo el año)","",""
356,"Presidencia Municipal","ABA",134,"Abasolo","ABA","Jardin Hidalgo Ote.","101","","Centro","36970","11","321",NA,"0",NA,"2017-07-06","2017-06-06","2","",20.450916666667,-101.52868611111,"2017-06-07","Tiempo del centro (UTC-6 todo el año)","https://www.google.com.mx/maps/@20.55825,-101.2047323,3a,75y,235.62h,91.91t/data=!3m6!1e1!3m4!1sd_5J6HOAcvpW6yMgymHeKQ!2e0!7i13312!8i6656","https://www.youtube.com/embed/3MRNRDBxaLM"
358,"Presidencia Municipal","SLP",136,"San Luis de la Paz","SPZ","Calle Morelos","102","","Zona Centro","","11","353",NA,"0",NA,NA,NA,NA,"https://www.youtube.com/embed/Y4tTBpPeeRQ",21.295861111111,-100.52330555556,"2017-06-01","Tiempo del centro (UTC-6 todo el año)","https://www.google.com.mx/maps/place/21%C2%B017'45.1%22N+100%C2%B031'23.9%22W/@21.2967294,-100.5244304,3a,56.6y,180.96h,109.1t/data=!3m6!1e1!3m4!1sf__sFWuJBqkKAQEHVQCklg!2e0!7i13312!8i6656!4m5!3m4!1s0x0:0x0!8m2!3d21.295875!4d-100.5233051","https://www.youtube.com/embed/5YFRRDhuIrk"
487,"Primaria Amado Nervo","PAN",163,"Mixquiahuala de Juárez","MIX","Gabino Barreda","1","","1era Demarcación Poniente","42700","13","488",NA,"2600",NA,NA,NA,NA,"",20.230746944444,-99.214248888889,"2024-06-11","Tiempo del centro, UTC-6 (UTC-5 en verano)","",""
501,"Primaria Ignacio Zaragoza","PIZ",59,"Pachuca","PAC","Samuel Carro","405","","Periodistas","42060","13","495",NA,"2393",NA,NA,NA,NA,"",20.118055555556,-98.740555555556,"2026-02-16","Tiempo del centro (UTC-6 todo el año)","",""
87,"Primaria Melchor Ocampo","TPJ",56,"Tepeji","TPJ","Jardín Hidalgo ","","","Centro","42850","13","510","2010","0","Calle Jardín Hidalgo ND Tepeji de Ocampo Centro, Tepeji del Río",NA,NA,NA,"https://www.youtube.com/watch?v=1zjU7N_J7JA",19.904972222222,-99.341583333333,"2015-06-25","Tiempo del centro (UTC-6 todo el año)","","https://youtu.be/h-9YageaCE8"
83,"Primaria Revolución","ATO",52,"Atotonilco","ATO","Calle 16 de enero","no.5","no.5","Colonia Centro","C.P.","13","460","2011","0","Calle 16 de enero no. 5 col. Centro Atotonilco de Tula",NA,"2020-12-31","0","https://youtu.be/i0NTUHVhmJ4",20.006666666667,-99.218888888889,"2012-03-26","Tiempo del centro (UTC-6 todo el año)","","https://youtu.be/JQAZTw65KQ8"
502,"Primaria Venustiano Carranza","PVC",58,"Tula","TUL","5 de febrero","5","","Centro","42800","13","523",NA,"2020",NA,NA,NA,NA,"",20.054955675,-99.340165277778,"2026-02-20","Tiempo del centro, UTC-6 (UTC-5 en verano)","",""
293,"Protección Civil","PC",122,"Guerrero","GUE","Hornitos","7","","Centro","39300","0","0",NA,"20",NA,"2018-12-31",NA,NA,"",16.850330555556,-99.903738888889,"2019-05-30","Tiempo del centro, UTC-6 (UTC-5 en verano)","",""
423,"Purísima del Rincón","PUR",149,"Purísima del Rincón","PUR","Avenida de la Juventud","S/N","","Guanajuato","36400","11","345",NA,"0",NA,NA,NA,NA,"",21.040238888889,-101.87628333333,"2017-06-07","Tiempo del centro (UTC-6 todo el año)","",""
481,"Rioverde","RIV",161,"ZM de Rioverde - Cd Fernández","RIV","Constitución Letra I","","","Centro","79610","24","1838",NA,"980",NA,NA,NA,NA,"",21.932255555556,-99.993041666667,"2024-06-11","Tiempo del centro (UTC-6 todo el año)","",""
67,"SAGARPA","SAG",44,"Lerdo","LER","López Rayón y Fco","","","I Madero, Zona centro","","10","293","2010","0","López Rayón y Fco. I Madero ND, Zona centro, Lerdo Dgo.",NA,"2014-12-31","0","",25.539138888889,-103.52336111111,"2019-07-03","Tiempo del centro, UTC-6 (UTC-5 en verano)","https://www.google.com.mx/maps/@25.5394234,-103.5233019,3a,75y,201.89h,105.28t/data=!3m6!1e1!3m4!1s9ydFCgMGV9rbkMCs-tplow!2e0!7i13312!8i6656",""
260,"San Agustín","SAG",119,"Valle de México","CMX","Av. Santa Rita y Sur 92","S/N","S/N","San Agustín 3a sección","55130","15","689","2003","2241","Av. Santa Rita y Sur 90, Col. Nuevo Paseo de San Agustín, Ecatepec de Morelos, Estado de México, C.P. 55130",NA,"2015-12-31","0","",19.533055555556,-99.030555555556,"1997-01-01","Tiempo del centro, UTC-6 (UTC-5 en verano)","",""
140,"San Bernabé","NO",72,"Monterrey","MTY","Prol. Aztlan","9610","","San Bernabé","64217","19","986","1992","571","Av. Solidaridad al Poniente y calle Bemitr Col. San Bernabé, Monterrey, Nuevo León.",NA,"2014-12-31","0","",25.762966666667,-100.36950277778,"1997-01-01","Tiempo del centro (UTC-6 todo el año)","https://www.google.com.mx/maps/@25.7569132,-100.3656255,3a,75y,244.37h,95.03t/data=!3m6!1e1!3m4!1sFsyD0rvS-XhGxgxet3CcEw!2e0!7i13312!8i6656",""
127,"San Cristobal","SC",65,"Toluca","TLC","Paseo de la Luz  esq. Manuel Hinojosa Giles","s/n","","San Cristóbal Huichochitlán","50200",NA,NA,"2010","2620","Esc. Primaria ""Manuel Hinojosa Giles"" calle Guadalupe Victoria esq. Paseo de la Luz, San Cristóbal Huichochitan, Toluca, Estado de México. C.P. 50100","2015-01-31","2014-12-31","0","https://www.youtube.com/embed/eMGU7bzOUnA",19.327222222222,-99.634288888889,"1997-03-02","Tiempo del centro, UTC-6 (UTC-5 en verano)","",""
261,"San Juan de Aragón","SJA",119,"Valle de México","CMX","Av. 504 y 506","S/N","2a sección","Unidad San Juan de Aragón"," 0792","9","269","2003","2258","Calle 416 No. 103, Col. San Juan de Aragón, Gustavo A. Madero, México, Distrito Federal C.P. 07920",NA,"2015-12-31","0","",19.452777777778,-99.086111111111,"2003-08-01","Tiempo del centro, UTC-6 (UTC-5 en verano)","",""
410,"San Juan del Río","SJR",146,"San Juan del Rio","SJR","Av. Río Moctezuma","249","","San Cayetano","76807","22","1801",NA,"0",NA,NA,NA,NA,"",20.388888888889,-99.972147222222,"2021-07-02","Tiempo del centro (UTC-6 todo el año)","",""
70,"San Juanico","SJ",45,"Celaya","CEL","Brillante esq. Mina de San Bernabe","","","San Juanico","","11","327","2002","1760","Calle Brillante esquina con Mina, Col. San Juanico 1ra Secc, Celaya Guanajuato C.P. 38020",NA,"2017-04-30","0","",20.5375,-100.83972222222,"2005-06-20","Tiempo del centro (UTC-6 todo el año)","https://www.google.com.mx/maps/@20.6932606,-101.3653865,3a,75y,211.28h,76.77t/data=!3m6!1e1!3m4!1sgjHm5sfB2Dp7QXy_hXPZig!2e0!7i13312!8i6656",""
485,"San Martín Texmelucan","SMT",74,"Puebla","PUE","Camino a la Barranca de Pesos","s/n","","San Lucas Atoyatenco","74120","21","1700",NA,"2265",NA,NA,NA,NA,"",19.3076,-98.416398,"2024-10-21","Tiempo del centro, UTC-6 (UTC-5 en verano)","",""
128,"San Mateo Atenco","SM",65,"Toluca","TLC","Av. Hacienda de Tres Marías","260","","Santa Elena","52100","15","732","2010","2588","Av. Hacienda de tres Marías ND Fraccionamiento Santa Elena, San Mateo Atenco, Estado de México, C.P. 52100","2015-01-31","2014-12-31","0","https://www.youtube.com/embed/RaZ_T8m0t2M",19.280416666667,-99.541666666667,"1997-01-01","Tiempo del centro (UTC-6 todo el año)","https://www.google.com.mx/maps/@19.2805292,-99.5418198,3a,75y,154.97h,101.9t/data=!3m6!1e1!3m4!1siyLOwjfj6bTSgg4UD0YEkg!2e0!7i13312!8i6656",""
142,"San Nicolás","NE",72,"Monterrey","MTY","Ombú","S/N","","LOS NARANJOS 20 SECTOR","66440","19","993","1992","476","Antonio Soto y Gamma esq. Artículo 123, Col. Unidad Laboral, San Nicolás de los Garza, Nuevo León",NA,"2014-12-31","0","https://www.youtube.com/embed/mlNxyve8vkI",25.744991666667,-100.25309444444,"1997-01-01","Tiempo del centro (UTC-6 todo el año)","https://www.google.com.mx/maps/place/25%C2%B044'43.0%22N+100%C2%B015'18.0%22W/@25.7454251,-100.2548896,3a,75y,270.47h,90t/data=!3m7!1e1!3m5!1sjoyt7h2hnF9mCtpVhDl5Dg!2e0!6s%2F%2Fgeo1.ggpht.com%2Fcbk%3Fpanoid%3Djoyt7h2hnF9mCtpVhDl5Dg%26output%3Dthumbnail%26",""
148,"San Pedro","SO2",72,"Monterrey","MTY","GRAL. GARZA AYALA ESQUINA CON DIEGO SALDÍVAR (Azotea de Gimnasio CDI San Pedro)","1001","","Fraccionamiento Los Sauces ","66280","19","966","2012","636","Gral. Garza Ayala y Diego Saldívar, Frac,. Los Sauces San Pedro Garza García, N.L",NA,"2014-12-31","0","",25.665277777778,-100.41277777778,"2013-12-31","Tiempo del centro (UTC-6 todo el año)","",""
494,"Santa Anita","SAN",63,"Guadalajara","GDL","Ramón Corona ","258","","Santa Anita","45600","14","629",NA,"1595",NA,NA,NA,NA,"",20.551970277778,-103.44725583333,"2024-12-09","Tiempo del centro (UTC-6 todo el año)","",""
139,"Santa Catarina","SO",72,"Monterrey","MTY","Privada de las Huertas","117","","Centro","64720","19","995","1992","694","Calle José Ma. Morelos y Pavón, cruz con Vicente Guerrero y Colegio de Niñas, Col. Centro, Santa Catarina N.L.",NA,"2014-12-31","0","",25.675722222222,-100.45836111111,"1997-01-01","Tiempo del centro (UTC-6 todo el año)","",""
108,"Santa Fe","SFE",63,"Guadalajara","GDL","Avenida Concepción del Valle","115","","Concepción del Valle","","14","628","2012","1541","Ave. Concepción 115, Col. Concepción del Valle, Tlajomulco de Zúñiga",NA,"2014-12-31","0","",20.529149444444,-103.37717944444,"2012-12-31","Tiempo del centro, UTC-6 (UTC-5 en verano)","",""
262,"Santa Fe","SFE",119,"Valle de México","CMX","Av. Carlos Lazo","S/N","Entre Tama","Prados de la Montaña","05619","9","268","2003","2599","Avenida Carlos Lazo ND, esquina con Avenida Francisco J. Serrano, Colonia Santa Fe, Delegación Álvaro Obregón, México DF, CP. 01389.",NA,"2015-12-31","0","",19.3575,-99.263055555556,"2011-12-31","Tiempo del centro, UTC-6 (UTC-5 en verano)","",""
493,"Santa Margarita","SMT",63,"Guadalajara","GDL","Av Central Guillermo González Camarena ","750","","Residencial Poniente","45136","14","651",NA,"1650",NA,NA,NA,NA,"",20.723836111111,-103.43176777778,"2025-03-10","Tiempo del centro (UTC-6 todo el año)","",""
432,"Santiago Acahualtepec","SAC",119,"Valle de México","CMX","Retama","S/N","","2da. Ampliación Santiago Avahualtepec","09609","9","271",NA,"2293",NA,NA,"2019-03-02","0","",19.34561,-99.009380833333,"2019-03-03","Tiempo del centro, UTC-6 (UTC-5 en verano)","",""
236,"SDS01","CEN",116,"Mérida","MID","64 por 53 y 47 a ","437","","centro","97000","31","2344","2012","8","Calle 64 No. 437 x 53 y 47-A, centro, Mérida, Yucatán, México","2015-01-31","2014-12-31","0","https://www.youtube.com/embed/cbVLEDqCdj4",20.973272222222,-89.624811111111,"2012-12-31","Tiempo del centro (UTC-6 todo el año)","",""
71,"Sec. Oficial","SEC",46,"Irapuato","IRA","Campestre del Valle ","240-A",""," Jardines del Valle Irapuato","36611","11","337","2005","1724","Campestre del Valle 240 Int.. A, Col. Jardines del Campestre, Irapuato, Guanajuato, C.P. 3512",NA,"2014-12-31","0","",20.674836111111,-101.35582777778,"2005-06-09","Tiempo del centro (UTC-6 todo el año)","https://www.google.com.mx/maps/place/20%C2%B040'30.0%22N+101%C2%B021'21.0%22W/@20.6751347,-101.3557408,3a,75y,342.81h,82.08t/data=!3m7!1e1!3m5!1sVItppTCk_jnUxPBazEvo9g!2e0!6s%2F%2Fgeo2.ggpht.com%2Fcbk%3Fpanoid%3DVItppTCk_jnUxPBazEvo9g%26output%3Dthumbnail","https://www.youtube.com/embed/7O5ynua2JoI"
32,"Secretaría de Medio Ambiente","SMA",30,"Aguascalientes","AGS","Blvd. José María Chávez, esq. Av. Siglo XXI"," No. 1917","","Prados de Villasunción","20280","1","1","2007","1877","Blvd. José Ma. Chavez ND Municipio de Aguascalientes, Ags.","2021-06-01",NA,NA,"https://www.youtube.com/embed/wQxHKOIv0Qw",21.84525,-102.29125,"2015-01-16","Tiempo del centro (UTC-6 todo el año)","https://www.google.com.mx/maps/@21.845408,-102.2886057,3a,75y,15.03h,103.92t/data=!3m6!1e1!3m4!1smmMi_UgfiYCXhEOI_53ZXw!2e0!7i13312!8i6656","https://www.youtube.com/embed/wE0AYV2dHWo"
235,"Secretaría de Trabajo y Previsión Social y de Productividad del Estado","XAL-02",115,"Xalapa","XAL","Av. Manuel Ávila Camacho","195",""," Ferrer Guardia","91026","30","2169","2013","1430","Av. Manuel Ávila Camacho No. 195, Colonia Ferrer Guardia, C.P. 91020, Xalapa, Veracruz",NA,"2014-12-31","0","",19.536283333333,-96.931030555556,"2013-01-01","Tiempo del centro (UTC-6 todo el año)","https://www.google.com.mx/maps/@20.9741614,-89.6245248,3a,75y,331.66h,107.26t/data=!3m6!1e1!3m4!1sowB6Z1a6sNHAXg_wjIC9tg!2e0!7i13312!8i6656",""
486,"Servicios Municipales","SMU",162,"Ramos Arizpe","RAP","Dirección de Servicios Municipales Venustiano Carranza","100","","Eulalio Gutiérrez","25900","5","59",NA,"1412",NA,NA,NA,NA,"",25.539218,-100.94768383333,"2024-06-18","Tiempo del centro, UTC-6 (UTC-5 en verano)","",""
60,"SRNyMA","SRN",42,"Durango","DGO","Av. Ferrocarril 109 Anexo Vivero","","","Sahuatova","","10","286","2010","0","Av. Ferrocarril 109, Anexo Vivero, Sahuatoba, Durango,",NA,"2014-12-31","0","",24.026777777778,-104.692975,"2013-12-31","Tiempo del centro, UTC-6 (UTC-5 en verano)","",""
53,"SUR","SUR",38,"Chihuahua","CHIH1","Av. Carlos Pacheco","8800","","2 de Octubre","31060","8","217","2012","1400","Av. Carlos Pacheco No. 8800, Colonia 2 de Octubre, en Chihuahua, Chih., ESTACIÓN DE BOMBEROS NÚMERO 5",NA,"2014-12-31","0","https://www.youtube.com/embed/MgZRPelUsAw",28.632775,-106.03886694444,"2012-07-01","Tiempo del centro (UTC-6 todo el año)","https://www.google.com.mx/maps/@28.633496,-106.0385093,3a,75y,207.2h,86.86t/data=!3m7!1e1!3m5!1s1-Nn_xlZFC5dEwe4a7N7JA!2e0!6shttps:%2F%2Fstreetviewpixels-pa.googleapis.com%2Fv1%2Fthumbnail%3Fpanoid%3D1-Nn_xlZFC5dEwe4a7N7JA%26cb_client%3Dmaps_sv.tactile.gp","https://www.youtube.com/embed/EfNiXO0qYg0"
76,"T21","T21",47,"León","LEO","Coral ","101","","San Rafael ","37380","11","340","2005","1804","Coral No. 101, Col. San Rafael, León, Gto., C.P. 37380",NA,"2014-12-31","0","https://www.youtube.com/embed/7TMXdf66CB8",21.108611111111,-101.68861111111,"2006-01-01","Tiempo del centro (UTC-6 todo el año)","https://www.google.com.mx/maps/@21.1088538,-101.6887571,3a,75y,155.35h,97.95t/data=!3m6!1e1!3m4!1s0KxYkW-SlJrnfg-yLAMXEA!2e0!7i13312!8i6656","https://www.youtube.com/embed/6ouFEcilybg"
44,"Tecate","SPABC23",34,"Tecate","TKT","Calzada Universidad","#1 ","","San Fernando","21460","2","14","2010","516","Calzada Universidad #1 Col. San Fernando, Tecate B. C. cp. 21460",NA,"2019-02-28","0","",32.568825,-116.62688055556,"2019-05-20","Tiempo del noroeste, UTC-8 (UTC-7 en verano)","",""
57,"Tecnologico","TEC",41,"Colima","COL","Av. Tecnológico","No. 1","s/n","Liberación","28976","6","80","2013","504","Av. Tecnológico No 1, Col.Liberacion,28976 Villa de Álvarez",NA,"2014-12-31","0","https://drive.google.com/open?id=1SRPICs65l3QIoyTySBBTP-9sNhtiP2sm",19.262127777778,-103.72403333333,"2013-03-07","Tiempo del centro (UTC-6 todo el año)","https://www.google.com/maps/@19.2618107,-103.7241242,3a,75y,35.87h,83.42t/data=!3m6!1e1!3m4!1su32cY1QW4WfmqJw2ZXxK3A!2e0!7i13312!8i6656","https://drive.google.com/open?id=1D1e7aoktJ7m4FPVRLx51ceJwnuOaOhuF"
69,"Tecnológico","TEC",45,"Celaya","CEL","Ecologistas esq. Av. Industriales","","","Nuevo Tecnológico","","11","327","2003","1760","Ecologistas esq. Industriales, Col. Fraccionamiento Residencial Tecnológico, Celaya, Guanajuato, C.P. 38080",NA,"2017-04-30","0","",20.545277777778,-100.80694444444,"2005-06-20","Tiempo del centro (UTC-6 todo el año)","",""
136,"Tecnológico de Tepic","TEC",71,"Tepic","TPC","Av. Tecnologico","2595","","Lagos del Country","63165","18","944",NA,"0",NA,NA,"2014-12-31","0","",21.478177777778,-104.86774166667,"2014-12-31","Sonora, UTC-7","","https://www.youtube.com/embed/2kjT4cjfneA"
135,"Tecnológico de Zacatepec","TEC",70,"Zacatepec","ZAC","Plan de Ayala","27","","Zacatepec de Hidalgo","62780","17","925","2008","910","Calzada Tecnológico No. 27, Zacatepec, Morelos, C.P. 62780",NA,"2014-12-31","0","https://www.youtube.com/watch?v=J73gPYviTRc",18.654444444444,-99.183333333333,"2019-09-04","Tiempo del centro, UTC-6 (UTC-5 en verano)","",""
342,"Tecnológico Lerdo","LE",44,"Lerdo","LER","Av. Tecnológico","1555","","Sub periférico Gómez Lerdo ","","10","293",NA,"0",NA,NA,NA,NA,"",25.550194444444,-103.53480555556,"2020-03-24","Tiempo del centro, UTC-6 (UTC-5 en verano)","https://www.google.com.mx/maps/@20.5181931,-100.8157148,3a,89.9y,215.03h,96.31t/data=!3m6!1e1!3m4!1szD4Q72XbFibs1oyHc1HXDA!2e0!7i13312!8i6656",""
483,"Tehuacán","TEH",74,"Puebla","PUE","Av. Reforma Nte","614","","Villa Granada","75732","21","1724",NA,"1600",NA,NA,NA,NA,"",18.469919833333,-97.39328,"2024-06-11","Tiempo del centro, UTC-6 (UTC-5 en verano)","",""
73,"Teódula","TEO",46,"Irapuato","IRA","","","","","","11","337","2005","1724","Calle 3, Col. Fraccionamiento el Refugio, Irapuato, Guanajuato, C.P. 36540",NA,"2014-12-31","0","",20.658055555556,-101.34888888889,"2005-06-09","Tiempo del centro (UTC-6 todo el año)","","https://www.youtube.com/embed/YScD5gaAEck"
265,"Tlahuac","TAH",119,"Valle de México","CMX","Escudo Nacional","S/N","S/N","Nativitas","16790","9","275","2003","2297","Escudo Nacional ND, Col. Nativitas, Delegación Xochimilco, México, Distrito Federal, C.P. 16700",NA,"2015-12-31","0","",19.246666666667,-99.010833333333,"1997-01-01","Tiempo del centro, UTC-6 (UTC-5 en verano)","",""
266,"Tlalnepantla","TLA",119,"Valle de México","CMX","Glorieta Atlacomulco","S/N","S/N","Tlalnemex","54070","15","760","2003","2311","Av. Toluca ND, Glorieta Atlacomulco, Col. Tlalmex, Tlalnepantla, Estado de México, C.P. 54070",NA,"2015-12-31","0","",19.529166666667,-99.204722222222,"1997-01-01","Tiempo del centro, UTC-6 (UTC-5 en verano)","",""
109,"Tlaquepaque","TLA",63,"Guadalajara","GDL","Constitución","159","","Tlaquepaque Centro","45500","14","629","1993","1622","Constitución 159 esq. Prisciliano Sánchez, Centro-Tlaquepaque. Guadalajara, 45500, Jalisco","2015-11-30","2014-12-31","12","",20.640966666667,-103.31259194444,"1997-01-01","Tiempo del centro (UTC-6 todo el año)","",""
124,"Toluca Centro","CE",65,"Toluca","TLC","Calle Mariano Matamoros esq. Venustiano Carranza","1000","","Universidad","50130","15","762","2010","2731","Gimnasio ""Prof.. Guillermo Ortegas Vargas"" de la UAEM, calle Venustiano Carranza esq. Mariano Matamoros, Toluca, Méx.. C.P. 50130","2015-03-31","2014-12-31","12","https://www.youtube.com/embed/kzKMghmJBgo",19.278083333333,-99.656416666667,"1997-01-01","Tiempo del centro (UTC-6 todo el año)","https://www.google.com.mx/maps/@19.2693027,-99.5962164,3a,75y,336.35h,80.18t/data=!3m6!1e1!3m4!1sPTKkLf0b58FuA3Du9L2PxQ!2e0!7i13312!8i6656",""
292,"Tulancingo","TLN",121,"Tulancingo","TLN","Corregidora","304","","Centro","43600","13","524",NA,"0",NA,NA,NA,NA,"https://youtu.be/owKwwJNa0Lc",20.08525,-98.366638888889,"2015-05-18","Tiempo del centro (UTC-6 todo el año)","","https://youtu.be/novhgb24r5o"
267,"Tultitlán","TLI",119,"Valle de México","CMX","Blvd. Lomas de Cartagena ","S/N","S/N","Lomas de Cartagena","54943","15","765","2003","2313","Blvd. Lomas de Cartagena ND esquina con Eje 5, Col. Ciudad Labor, Tultitlán, Estado de México, C.P. 54943",NA,"2015-12-31","0","",19.602777777778,-99.177222222222,"1997-01-01","Tiempo del centro, UTC-6 (UTC-5 en verano)","",""
371,"UABC","SPABC12",32,"Mexicali","MXC","Calle de la Normal","SN","","Residencias","21280","2","13",NA,"0",NA,NA,"2014-12-31","0","Mexicali",32.631111111111,-115.44513888889,"2019-01-24","Sonora, UTC-7","Benito Juarez #1 Esq. L. Montejano",""
268,"UAM Iztapalapa","UIZ",119,"Valle de México","CMX","San Rafael Atlixco","180","S/N","Vicentina","09340","9","271","2003","2221","Col. La Vicentina, Delegación Iztapalapa, México, Distrito Federal, C.P. 09340",NA,"2015-12-31","0","",19.360833333333,-99.073888888889,"1997-01-01","Tiempo del centro, UTC-6 (UTC-5 en verano)","",""
269,"UAM Xochimilco","UAX",119,"Valle de México","CMX","Calz. del Hueso","1100","S/N","Villa Quietud","04960","9","267","2003","2246","Calzada del Hueso # 1100, Colonia Villa Quietud, Delegación Coyoacán, México DF, CP. 04960.",NA,"2015-12-31","0","",19.304444444444,-99.103888888889,"2011-12-31","Tiempo del centro, UTC-6 (UTC-5 en verano)","",""
425,"UANL","N2",72,"Monterrey","MTY","Av. Pedro de Alba","S/N","","","","19","993",NA,"517",NA,NA,NA,NA,"",25.73,-100.30972222222,"2018-01-29","Tiempo del centro (UTC-6 todo el año)","",""
480,"Universidad","UAN",71,"Tepic","TPC","Ciudad de la Cultura Amado Nervo","S/N","","Ciudad de la Cultura","63155","18","944",NA,"936",NA,NA,NA,NA,"",21.491694444444,-104.89491666667,"2024-06-11","Sonora, UTC-7","",""
359,"Universidad Gto Sede Belen","UG-B",137,"Guanajuato","GTO","Av. Juárez","77","","Zona Centro","","11","335",NA,"0",NA,NA,NA,NA,"",21.017583333333,-101.25736111111,"2017-06-07","Tiempo del centro (UTC-6 todo el año)","",""
66,"Universidad Juárez","NUGP",43,"Gómez Palacio","GPD","Av. Universidad ","","","Núcleo Universitario","","10","288","2010","0","Av. Universidad ND, Núcleo Universitario, Gómez Palacio Dgo.",NA,"2014-12-31","0","",25.588630555556,-103.50160277778,"2013-12-31","Tiempo del centro, UTC-6 (UTC-5 en verano)","",""
129,"Universidad Michoacana de San Nicolás Hidalgo","ECU",66,"Morelia","MRA","Gral. Francisco J. Mugica ,Ciudad Universitaria","","","Fraccionamiento Real Universidad","58030","0","0","2012","0","Edificio Anexo al J, Laboratorio de Materiales en Ciudad Universitaria, UMSNH.",NA,NA,NA,"",19.690461111111,-101.20478888889,"2013-07-01","Tiempo del centro, UTC-6 (UTC-5 en verano)","https://www.google.com.mx/maps/@19.6911475,-101.2045962,3a,75y,246.82h,80.49t/data=!3m6!1e1!3m4!1swNYKHr8uRiY1cJE1rjevsw!2e0!7i13312!8i6656",NA
406,"Universidad Tecnológica de Puebla","UTP",74,"Puebla","PUE","","","","","","21","1682",NA,"0",NA,NA,"2009-12-21","0","",19.056666666667,-98.151722222222,"2000-08-01","Tiempo del centro, UTC-6 (UTC-5 en verano)","",""
442,"Universidad Tecnológica de Tula Tepeji","UTTT",58,"Tula","TUL"," Avenida Universidad Tecnológica","1000","","El Carmen","42830","13","523",NA,"0",NA,NA,NA,NA,"",20.008503055556,-99.343765833333,"2024-06-11","Tiempo del centro, UTC-6 (UTC-5 en verano)","",""
291,"USBI UV Poza Rica","PR-03",120,"Poza Rica","PZR","Blvd. Adolfo Ruíz Cortines","306","","Obras Sociales","93240","30","2213",NA,"0",NA,NA,NA,NA,"",20.533483333333,-97.461080555556,"2016-01-01","Tiempo del centro (UTC-6 todo el año)","",""
110,"Vallarta","VAL",63,"Guadalajara","GDL","Coras","3479","","Residencial Juan Manuel","44690","14","651","1993","1640","Coras entre Lacandones y Rincón del Nardo, Residencial Juan Manuel. Zapopan, 45138, Jalisco","2015-01-31","2014-12-31","0","",20.680193055556,-103.39855138889,"1997-01-01","Tiempo del centro, UTC-6 (UTC-5 en verano)","",""
165,"Velódromo","VEL",74,"Puebla","PUE","","","","","","21","1602",NA,"0",NA,"2018-06-30","2018-01-02","2","",19.115858055556,-98.277487222222,"2011-12-31","Tiempo del centro, UTC-6 (UTC-5 en verano)","https://www.google.com.mx/maps/@19.1158505,-98.2773918,3a,25.5y,267.24h,90.39t/data=!3m6!1e1!3m4!1stdp35H8iEMwsF5ALYuv-ag!2e0!7i13312!8i6656",""
270,"Villa de las Flores","VIF",119,"Valle de México","CMX","Primavera y Palmacristi ","S/N","S/N","Villa de las Flores","55710","0","0","2003","2242","Primavera y Calle Palma Cristi ND, Col. Villa de las Flores, Coacalco, Estado de México, C.P. 55710",NA,"2016-07-27","0","",19.6575,-99.096666666667,"1997-01-01","Tiempo del centro, UTC-6 (UTC-5 en verano)","",""
271,"Xalostoc","XAL",119,"Valle de México","CMX","Vía Morelos km 12.5","entre Lópe","S/N","Xalostoc","54190","15","689","2003","2160","Km 13.5 de la Antigua Carretera a Pachuca y Calle del Hierro, Col. Xalostoc, Ecatepec, Estado de México, C.P. 55540",NA,"2015-12-31","0","",19.526111111111,-99.0825,"1997-01-01","Tiempo del centro, UTC-6 (UTC-5 en verano)","",""
457,"Xonacatlán","XO",65,"Toluca","TLC","5 de mayo","206","","Centro","52070","15","771",NA,"0",NA,NA,NA,NA,"",19.399422222222,-99.530555555556,"2024-06-13","Tiempo del centro (UTC-6 todo el año)","",""
